{"mean":{"confidence_interval":{"confidence_level":0.95,"lower_bound":213940.2274009874,"upper_bound":218067.81775311724},"point_estimate":215433.54645572812,"standard_error":1213.8346313751586},"median":{"confidence_interval":{"confidence_level":0.95,"lower_bound":213813.99535118384,"upper_bound":214850.90635698583},"point_estimate":214164.71580957872,"standard_error":361.13079870893233},"median_abs_dev":{"confidence_interval":{"confidence_level":0.95,"lower_bound":121.04880604042636,"upper_bound":1208.5186959685248},"point_estimate":450.8057226048887,"standard_error":440.3191570701676},"slope":null,"std_dev":{"confidence_interval":{"confidence_level":0.95,"lower_bound":250.36802216909794,"upper_bound":6205.892159545533},"point_estimate":4035.0879277998556,"standard_error":2091.3120579831393}}