{"mean":{"confidence_interval":{"confidence_level":0.95,"lower_bound":-0.1796249835781308,"upper_bound":-0.1616287525953244},"point_estimate":-0.16990861395530343,"standard_error":0.0046276647496044775},"median":{"confidence_interval":{"confidence_level":0.95,"lower_bound":-0.1777389029410218,"upper_bound":-0.15788044991883365},"point_estimate":-0.1669959463826628,"standard_error":0.005078600498945948}}