{"mean":{"confidence_interval":{"confidence_level":0.95,"lower_bound":0.008807451205755407,"upper_bound":0.03350238029947852},"point_estimate":0.019685120047179483,"standard_error":0.006124767616294643},"median":{"confidence_interval":{"confidence_level":0.95,"lower_bound":0.0037187782688787863,"upper_bound":0.030679990181716077},"point_estimate":0.01583780461191009,"standard_error":0.006568170393273907}}