{"mean":{"confidence_interval":{"confidence_level":0.95,"lower_bound":-0.46466290949062794,"upper_bound":-0.46328880961411156},"point_estimate":-0.4638976843854331,"standard_error":0.00035487787153101074},"median":{"confidence_interval":{"confidence_level":0.95,"lower_bound":-0.46438000339535257,"upper_bound":-0.4632042650575696},"point_estimate":-0.46376577600003754,"standard_error":0.0002799240706010038}}