{"mean":{"confidence_interval":{"confidence_level":0.95,"lower_bound":0.2858819855469712,"upper_bound":0.29030202168862657},"point_estimate":0.28810632018479,"standard_error":0.001116019407617753},"median":{"confidence_interval":{"confidence_level":0.95,"lower_bound":0.28562715772021274,"upper_bound":0.2896679528875026},"point_estimate":0.2882530029743595,"standard_error":0.0011211741882666485}}