{"mean":{"confidence_interval":{"confidence_level":0.95,"lower_bound":10849868.560286116,"upper_bound":10899191.556791745},"point_estimate":10874323.226735458,"standard_error":12531.42454961473},"median":{"confidence_interval":{"confidence_level":0.95,"lower_bound":10848767.386491558,"upper_bound":10901659.316135084},"point_estimate":10871358.553001877,"standard_error":12882.4747576151},"median_abs_dev":{"confidence_interval":{"confidence_level":0.95,"lower_bound":3559.5716342737232,"upper_bound":71927.0957326068},"point_estimate":37888.29920736707,"standard_error":19371.21092035195},"slope":null,"std_dev":{"confidence_interval":{"confidence_level":0.95,"lower_bound":21691.16254347526,"upper_bound":53943.42689239671},"point_estimate":41863.967813594754,"standard_error":8237.813568507623}}