{"mean":{"confidence_interval":{"confidence_level":0.95,"lower_bound":-0.17174420161322768,"upper_bound":-0.15861351828909162},"point_estimate":-0.1637653401371485,"standard_error":0.0036016453950000753},"median":{"confidence_interval":{"confidence_level":0.95,"lower_bound":-0.16425566805486302,"upper_bound":-0.15734206824261365},"point_estimate":-0.15983100119693106,"standard_error":0.0018386693529060438}}