{"mean":{"confidence_interval":{"confidence_level":0.95,"lower_bound":192062021.08125,"upper_bound":196288165.99587497},"point_estimate":193978015.92333335,"standard_error":1083299.142636442},"median":{"confidence_interval":{"confidence_level":0.95,"lower_bound":191204218.575,"upper_bound":195827584.25833333},"point_estimate":193300648.075,"standard_error":1177728.1433546362},"median_abs_dev":{"confidence_interval":{"confidence_level":0.95,"lower_bound":621691.8517127485,"upper_bound":5250918.02572757},"point_estimate":2551104.58560884,"standard_error":1204760.5776912738},"slope":null,"std_dev":{"confidence_interval":{"confidence_level":0.95,"lower_bound":1493609.6439652713,"upper_bound":4934962.002866799},"point_estimate":3611282.2039396334,"standard_error":969058.8634580381}}