{"mean":{"confidence_interval":{"confidence_level":0.95,"lower_bound":161012625.1311,"upper_bound":161027920.296},"point_estimate":161019480.1,"standard_error":3939.834226538656},"median":{"confidence_interval":{"confidence_level":0.95,"lower_bound":161008124.38666666,"upper_bound":161023685.45333335},"point_estimate":161020223.41333333,"standard_error":4334.372280824193},"median_abs_dev":{"confidence_interval":{"confidence_level":0.95,"lower_bound":1383.6512514211406,"upper_bound":20591.010662423523},"point_estimate":8194.33993851196,"standard_error":4863.095847819616},"slope":null,"std_dev":{"confidence_interval":{"confidence_level":0.95,"lower_bound":5634.9506369915725,"upper_bound":18551.279513983623},"point_estimate":13109.514298845961,"standard_error":3897.5716652239485}}