{"mean":{"confidence_interval":{"confidence_level":0.95,"lower_bound":159046357.64342108,"upper_bound":161041220.82651317},"point_estimate":160057442.46973684,"standard_error":510700.28782886587},"median":{"confidence_interval":{"confidence_level":0.95,"lower_bound":158523719.03947368,"upper_bound":161659812.5131579},"point_estimate":160178082.6118421,"standard_error":1142231.2882565416},"median_abs_dev":{"confidence_interval":{"confidence_level":0.95,"lower_bound":155691.16883988355,"upper_bound":2415435.0613121833},"point_estimate":2250210.9014429064,"standard_error":748992.2363552952},"slope":null,"std_dev":{"confidence_interval":{"confidence_level":0.95,"lower_bound":1161819.6398596927,"upper_bound":1895304.561634993},"point_estimate":1702767.9943444037,"standard_error":185070.78606233955}}