{"mean":{"confidence_interval":{"confidence_level":0.95,"lower_bound":115.71930004377887,"upper_bound":116.00419545344819},"point_estimate":115.84302697240518,"standard_error":0.07380761143810971},"median":{"confidence_interval":{"confidence_level":0.95,"lower_bound":115.67833467122564,"upper_bound":115.92804173793704},"point_estimate":115.78842056240012,"standard_error":0.056582402734672715},"median_abs_dev":{"confidence_interval":{"confidence_level":0.95,"lower_bound":0.03784024554762026,"upper_bound":0.3006143909228298},"point_estimate":0.14361468433100477,"standard_error":0.07146398944936003},"slope":null,"std_dev":{"confidence_interval":{"confidence_level":0.95,"lower_bound":0.07598837428223931,"upper_bound":0.35391177312515454},"point_estimate":0.2471881956780616,"standard_error":0.08180591209553432}}