{"mean":{"confidence_interval":{"confidence_level":0.95,"lower_bound":64366352.439973265,"upper_bound":64375700.611016035},"point_estimate":64370794.49251337,"standard_error":2390.2833796000023},"median":{"confidence_interval":{"confidence_level":0.95,"lower_bound":64364023.462566845,"upper_bound":64375305.205882356},"point_estimate":64371464.82620321,"standard_error":2799.8609405084608},"median_abs_dev":{"confidence_interval":{"confidence_level":0.95,"lower_bound":897.3257952902504,"upper_bound":13492.103747630688},"point_estimate":8231.379197181766,"standard_error":3182.892968195148},"slope":null,"std_dev":{"confidence_interval":{"confidence_level":0.95,"lower_bound":4145.7002556926345,"upper_bound":10442.343571899486},"point_estimate":7958.71033142219,"standard_error":1687.9794267059112}}