{"mean":{"confidence_interval":{"confidence_level":0.95,"lower_bound":46394718.423552126,"upper_bound":46406450.38841699},"point_estimate":46400543.46679537,"standard_error":3016.4318617234467},"median":{"confidence_interval":{"confidence_level":0.95,"lower_bound":46391009.969111964,"upper_bound":46410391.007722005},"point_estimate":46399857.48069498,"standard_error":6121.659798739449},"median_abs_dev":{"confidence_interval":{"confidence_level":0.95,"lower_bound":948.7323236951703,"upper_bound":15850.10137535982},"point_estimate":12991.330926115508,"standard_error":4212.218115925572},"slope":null,"std_dev":{"confidence_interval":{"confidence_level":0.95,"lower_bound":6754.861776377478,"upper_bound":11540.784845940121},"point_estimate":10088.362898166033,"standard_error":1236.0574907083874}}