{"mean":{"confidence_interval":{"confidence_level":0.95,"lower_bound":2.1259806732744018,"upper_bound":2.1999055543384007},"point_estimate":2.152024884434676,"standard_error":0.019677883247775977},"median":{"confidence_interval":{"confidence_level":0.95,"lower_bound":2.12051945525532,"upper_bound":2.150378541970596},"point_estimate":2.1359816759749717,"standard_error":0.008499436018109418}}