{"mean":{"confidence_interval":{"confidence_level":0.95,"lower_bound":-0.7422288252613649,"upper_bound":-0.7372533875608227},"point_estimate":-0.73907590034728,"standard_error":0.0014570833757765534},"median":{"confidence_interval":{"confidence_level":0.95,"lower_bound":-0.7383596083643276,"upper_bound":-0.7370907587681925},"point_estimate":-0.7375289462188785,"standard_error":0.0004382119535278328}}