{"mean":{"confidence_interval":{"confidence_level":0.95,"lower_bound":0.011852183738848299,"upper_bound":0.01994046942434555},"point_estimate":0.016019851542252272,"standard_error":0.0021059168072053674},"median":{"confidence_interval":{"confidence_level":0.95,"lower_bound":0.011275521854605675,"upper_bound":0.021143605849145874},"point_estimate":0.013870869306662037,"standard_error":0.0027025558539160387}}