{"mean":{"confidence_interval":{"confidence_level":0.95,"lower_bound":-0.3194040085409455,"upper_bound":-0.3134093815057266},"point_estimate":-0.3162658315306177,"standard_error":0.0015423919368134735},"median":{"confidence_interval":{"confidence_level":0.95,"lower_bound":-0.32019926999461723,"upper_bound":-0.31200514562298287},"point_estimate":-0.31456121609985277,"standard_error":0.0021569801547243685}}