{"mean":{"confidence_interval":{"confidence_level":0.95,"lower_bound":-0.1685463765416279,"upper_bound":-0.1613837341313263},"point_estimate":-0.16497999352387172,"standard_error":0.0018314417202530218},"median":{"confidence_interval":{"confidence_level":0.95,"lower_bound":-0.17122373460142126,"upper_bound":-0.15965108036094555},"point_estimate":-0.16577570150071919,"standard_error":0.002703028620433038}}