{"mean":{"confidence_interval":{"confidence_level":0.95,"lower_bound":0.6098440709857506,"upper_bound":0.6266095373855369},"point_estimate":0.6186466365067418,"standard_error":0.004211826135279041},"median":{"confidence_interval":{"confidence_level":0.95,"lower_bound":0.6154773674063263,"upper_bound":0.6237846444785644},"point_estimate":0.6201634421827404,"standard_error":0.002127947791297983}}