{"mean":{"confidence_interval":{"confidence_level":0.95,"lower_bound":-0.49798077151834597,"upper_bound":-0.4947193967241903},"point_estimate":-0.4960320980620214,"standard_error":0.0008809018161753182},"median":{"confidence_interval":{"confidence_level":0.95,"lower_bound":-0.49651832491688497,"upper_bound":-0.4943512278019565},"point_estimate":-0.4952166109461704,"standard_error":0.0005556910128879555}}