{"mean":{"confidence_interval":{"confidence_level":0.95,"lower_bound":-0.1725962881950943,"upper_bound":-0.16725376318236115},"point_estimate":-0.1700411782182606,"standard_error":0.0013638808102117205},"median":{"confidence_interval":{"confidence_level":0.95,"lower_bound":-0.1730970844541102,"upper_bound":-0.16736770802694417},"point_estimate":-0.17063483215902686,"standard_error":0.0015577593652232019}}