{"mean":{"confidence_interval":{"confidence_level":0.95,"lower_bound":9125654.214817628,"upper_bound":9127683.890233664},"point_estimate":9126720.326671733,"standard_error":520.5792874376164},"median":{"confidence_interval":{"confidence_level":0.95,"lower_bound":9124983.632978724,"upper_bound":9128234.860182371},"point_estimate":9127444.583966564,"standard_error":864.9261505832641},"median_abs_dev":{"confidence_interval":{"confidence_level":0.95,"lower_bound":37.977541878267054,"upper_bound":2804.42065499999},"point_estimate":1201.7931728147812,"standard_error":782.4738891065333},"slope":null,"std_dev":{"confidence_interval":{"confidence_level":0.95,"lower_bound":783.6711358015822,"upper_bound":2069.2908628921978},"point_estimate":1737.1968380537596,"standard_error":301.9421478076928}}