{"mean":{"confidence_interval":{"confidence_level":0.95,"lower_bound":37191018.28289308,"upper_bound":37511787.5553066},"point_estimate":37353042.88836478,"standard_error":82064.76562198065},"median":{"confidence_interval":{"confidence_level":0.95,"lower_bound":37114013.9418239,"upper_bound":37632649.295597486},"point_estimate":37388001.9418239,"standard_error":121614.65467053371},"median_abs_dev":{"confidence_interval":{"confidence_level":0.95,"lower_bound":13460.935440268338,"upper_bound":464835.1988748852},"point_estimate":369393.3687230889,"standard_error":119994.10125873056},"slope":null,"std_dev":{"confidence_interval":{"confidence_level":0.95,"lower_bound":165701.5635538644,"upper_bound":329427.0585064033},"point_estimate":273131.147774163,"standard_error":41723.090089602105}}