{"mean":{"confidence_interval":{"confidence_level":0.95,"lower_bound":1521.1262622615181,"upper_bound":1521.6015709754972},"point_estimate":1521.3588138896632,"standard_error":0.12153263726014897},"median":{"confidence_interval":{"confidence_level":0.95,"lower_bound":1521.0074395143242,"upper_bound":1521.6642040508304},"point_estimate":1521.3077985574878,"standard_error":0.25369518701720484},"median_abs_dev":{"confidence_interval":{"confidence_level":0.95,"lower_bound":0.01821849576273913,"upper_bound":0.7028170378254802},"point_estimate":0.44953956895225305,"standard_error":0.2167644619582056},"slope":null,"std_dev":{"confidence_interval":{"confidence_level":0.95,"lower_bound":0.25874118499597815,"upper_bound":0.4874319211686426},"point_estimate":0.4033047133584383,"standard_error":0.06031606732501251}}