{"mean":{"confidence_interval":{"confidence_level":0.95,"lower_bound":-0.23302413505153116,"upper_bound":-0.16653231216475367},"point_estimate":-0.1986242877926172,"standard_error":0.01708562596043496},"median":{"confidence_interval":{"confidence_level":0.95,"lower_bound":-0.23994422353917444,"upper_bound":-0.1562514736572198},"point_estimate":-0.1596243227188453,"standard_error":0.026313967820586242}}