{"mean":{"confidence_interval":{"confidence_level":0.95,"lower_bound":-0.17389970274362648,"upper_bound":-0.16357572148266336},"point_estimate":-0.16882970035064038,"standard_error":0.002651230336581909},"median":{"confidence_interval":{"confidence_level":0.95,"lower_bound":-0.17708245136344103,"upper_bound":-0.16078904449530373},"point_estimate":-0.16942215219747336,"standard_error":0.005929951808941146}}