{"mean":{"confidence_interval":{"confidence_level":0.95,"lower_bound":62.08516140652487,"upper_bound":62.127367943082994},"point_estimate":62.10371500770715,"standard_error":0.010853892990323915},"median":{"confidence_interval":{"confidence_level":0.95,"lower_bound":62.079878904585726,"upper_bound":62.12666508188294},"point_estimate":62.08971384845992,"standard_error":0.011271957298800223},"median_abs_dev":{"confidence_interval":{"confidence_level":0.95,"lower_bound":0.002774952893466382,"upper_bound":0.05398483858952228},"point_estimate":0.014852043571370675,"standard_error":0.01293691376111824},"slope":null,"std_dev":{"confidence_interval":{"confidence_level":0.95,"lower_bound":0.00794203125286181,"upper_bound":0.05004217608061242},"point_estimate":0.036158279278610914,"standard_error":0.010565582997482264}}