{"mean":{"confidence_interval":{"confidence_level":0.95,"lower_bound":76507575.48645833,"upper_bound":77714615.05576923},"point_estimate":76976951.06666668,"standard_error":332372.65872478666},"median":{"confidence_interval":{"confidence_level":0.95,"lower_bound":76391585.1923077,"upper_bound":77023525.88141026},"point_estimate":76617281.66346154,"standard_error":168369.37261739708},"median_abs_dev":{"confidence_interval":{"confidence_level":0.95,"lower_bound":27143.82997579186,"upper_bound":754649.3455138328},"point_estimate":340299.2854450094,"standard_error":199883.77906282656},"slope":null,"std_dev":{"confidence_interval":{"confidence_level":0.95,"lower_bound":131090.69249399647,"upper_bound":1673319.3245406968},"point_estimate":1104787.8505320663,"standard_error":493109.71336717566}}