{"mean":{"confidence_interval":{"confidence_level":0.95,"lower_bound":0.0008220760403428119,"upper_bound":0.005883145129075698},"point_estimate":0.0034785060920057287,"standard_error":0.0013206895909131024},"median":{"confidence_interval":{"confidence_level":0.95,"lower_bound":0.001738254176873566,"upper_bound":0.006500503044146511},"point_estimate":0.003823277666117564,"standard_error":0.0010803691968899179}}