{"mean":{"confidence_interval":{"confidence_level":0.95,"lower_bound":-0.16262906362196758,"upper_bound":-0.15881673892710585},"point_estimate":-0.160709118501011,"standard_error":0.0009731951912030539},"median":{"confidence_interval":{"confidence_level":0.95,"lower_bound":-0.16287025333973415,"upper_bound":-0.158695213270446},"point_estimate":-0.1604136190093528,"standard_error":0.0010098511154437223}}