{"mean":{"confidence_interval":{"confidence_level":0.95,"lower_bound":-0.24941275528917056,"upper_bound":-0.20123089511200365},"point_estimate":-0.2244851707008556,"standard_error":0.012323071487869895},"median":{"confidence_interval":{"confidence_level":0.95,"lower_bound":-0.2408118138150943,"upper_bound":-0.185753361940999},"point_estimate":-0.22535416640811967,"standard_error":0.013587059725372852}}