{"mean":{"confidence_interval":{"confidence_level":0.95,"lower_bound":18623345.00124031,"upper_bound":18625748.121879842},"point_estimate":18624399.47162791,"standard_error":613.7840021971584},"median":{"confidence_interval":{"confidence_level":0.95,"lower_bound":18623167.205426358,"upper_bound":18625795.984496124},"point_estimate":18623549.372093022,"standard_error":584.5848241956342},"median_abs_dev":{"confidence_interval":{"confidence_level":0.95,"lower_bound":14.805312295369767,"upper_bound":3025.2578886164706},"point_estimate":568.1587438654512,"standard_error":596.7194486132289},"slope":null,"std_dev":{"confidence_interval":{"confidence_level":0.95,"lower_bound":343.73943886331676,"upper_bound":2598.5041171910943},"point_estimate":2048.1331874143802,"standard_error":597.0183519771185}}