{"mean":{"confidence_interval":{"confidence_level":0.95,"lower_bound":3278422.6404037606,"upper_bound":3297091.370813053},"point_estimate":3287302.679037611,"standard_error":4792.75725074146},"median":{"confidence_interval":{"confidence_level":0.95,"lower_bound":3274768.708517699,"upper_bound":3298953.9717920353},"point_estimate":3283998.8741703536,"standard_error":7191.81548467046},"median_abs_dev":{"confidence_interval":{"confidence_level":0.95,"lower_bound":3277.1974493953653,"upper_bound":27667.45535653692},"point_estimate":14850.70392785679,"standard_error":6174.700317547806},"slope":null,"std_dev":{"confidence_interval":{"confidence_level":0.95,"lower_bound":8637.262871276675,"upper_bound":20310.480541706496},"point_estimate":15988.592523928715,"standard_error":3064.079619770751}}