{"mean":{"confidence_interval":{"confidence_level":0.95,"lower_bound":133027642.05164835,"upper_bound":133041789.72593407},"point_estimate":133034992.41868131,"standard_error":3630.035822101939},"median":{"confidence_interval":{"confidence_level":0.95,"lower_bound":133022618.3021978,"upper_bound":133044041.27472527},"point_estimate":133040367.12087911,"standard_error":6393.763031898493},"median_abs_dev":{"confidence_interval":{"confidence_level":0.95,"lower_bound":431.87648463622486,"upper_bound":18133.663985734296},"point_estimate":9589.758037444197,"standard_error":5569.802152067417},"slope":null,"std_dev":{"confidence_interval":{"confidence_level":0.95,"lower_bound":6682.689212543671,"upper_bound":14368.111954031627},"point_estimate":12102.170697511483,"standard_error":1924.4084159228873}}