{"mean":{"confidence_interval":{"confidence_level":0.95,"lower_bound":-0.17310369496576994,"upper_bound":-0.15980162850296026},"point_estimate":-0.16568524719364852,"standard_error":0.003441698187466754},"median":{"confidence_interval":{"confidence_level":0.95,"lower_bound":-0.17039484385088954,"upper_bound":-0.1576798001837505},"point_estimate":-0.16184992145988963,"standard_error":0.0037544963475768306}}