{"mean":{"confidence_interval":{"confidence_level":0.95,"lower_bound":0.001949231061465495,"upper_bound":0.010600054834772634},"point_estimate":0.00583216105245099,"standard_error":0.0022041965398956745},"median":{"confidence_interval":{"confidence_level":0.95,"lower_bound":0.0022986683496812876,"upper_bound":0.009588854226541876},"point_estimate":0.003558497964578411,"standard_error":0.0017636197508908275}}