{"mean":{"confidence_interval":{"confidence_level":0.95,"lower_bound":0.0041882171467079125,"upper_bound":0.012435320048555175},"point_estimate":0.008296837970979798,"standard_error":0.002099339917743888},"median":{"confidence_interval":{"confidence_level":0.95,"lower_bound":0.009199382493824348,"upper_bound":0.017412689787476898},"point_estimate":0.012549393106322082,"standard_error":0.0022745057539952274}}