{"mean":{"confidence_interval":{"confidence_level":0.95,"lower_bound":-0.17128898272592927,"upper_bound":-0.16657112598009213},"point_estimate":-0.16881407331104148,"standard_error":0.0012101939034414922},"median":{"confidence_interval":{"confidence_level":0.95,"lower_bound":-0.1718058024429533,"upper_bound":-0.16561014990495126},"point_estimate":-0.16799068212090107,"standard_error":0.0018189994259089702}}