{"mean":{"confidence_interval":{"confidence_level":0.95,"lower_bound":107721346.41964285,"upper_bound":107732710.20535715},"point_estimate":107726564.21607144,"standard_error":2910.5924309970587},"median":{"confidence_interval":{"confidence_level":0.95,"lower_bound":107719216.89285715,"upper_bound":107731139.90178572},"point_estimate":107724620.85714287,"standard_error":2683.6685923466425},"median_abs_dev":{"confidence_interval":{"confidence_level":0.95,"lower_bound":1307.4810892923047,"upper_bound":14087.406818639067},"point_estimate":7166.994172754106,"standard_error":3717.291038524966},"slope":null,"std_dev":{"confidence_interval":{"confidence_level":0.95,"lower_bound":4018.9190356643826,"upper_bound":13407.054854035114},"point_estimate":9698.806717750316,"standard_error":2641.237805429834}}